Date,Ticker,Group,Setup,Side,Open,High,Low,Close,RSI14,MA50,MA200,Stop,Target,R_R,ret5,ret10,ret15,win5,win10,win15,tgt_hit10,stp_hit10
2025-05-21,ANF,oversold,ReversalLong,long,73.72000122070312,78.33000183105469,73.33000183105469,76.76000213623047,26.626736964168586,,,72.92200202941895,82.90080230712891,1.5999999999999999,0.022537723806582727,0.08116200565604889,-0.02735797831784975,True,True,False,False,True
2025-05-21,SM,oversold,ReversalLong,long,22.799999237060547,23.309999465942383,22.32999992370605,23.18000030517578,3.3359726621236376,,,22.02100028991699,25.034400329589847,1.5999999999999999,0.010353743225127368,0.07506470009535098,0.2191544373091213,True,True,True,False,False
2025-05-26,ETNB,overbought,ReversalShort,short,9.640000343322754,9.699999809265137,8.9399995803833,9.15999984741211,83.57858529402202,,,9.617999839782716,8.42719985961914,1.5999999999999999,-0.11026203555747659,-0.12227073190132261,-0.08515281069481213,False,False,False,True,True
2025-05-26,SM,oversold,ReversalLong,long,23.5,23.8700008392334,22.950000762939453,23.82999992370605,26.633914283815812,,,22.638499927520748,25.736399917602537,1.5999999999999999,0.05916910834772798,0.09064204172587294,0.17205205180848765,True,True,True,False,True
2025-05-27,JNJ,overbought,ReversalShort,short,153.27999877929688,153.63999938964844,151.92999267578125,152.42999267578125,90.9719849127233,,,160.0514923095703,140.23559326171875,1.5999999999999999,-0.00518276312327997,-0.018565912005743545,0.011152640752650843,False,False,True,False,False
2025-05-27,K,overbought,ReversalShort,short,82.5,82.51000213623047,82.26000213623047,82.26000213623047,77.39680785516956,,,86.373002243042,75.67920196533204,1.5999999999999999,0.004254783187842163,0.0079017932044597,0.04035982991254948,True,True,True,False,False
2025-05-28,BG,overbought,ReversalShort,short,79.41999816894531,80.47000122070312,78.41999816894531,79.22000122070312,82.92242952785404,,,83.18100128173829,72.88240112304688,1.5999999999999999,0.06778594627411658,0.02764456460061151,-0.07775809060584826,True,True,False,False,False
2025-05-28,SM,oversold,ReversalLong,long,23.8799991607666,23.989999771118164,23.25,23.799999237060547,28.916530169923547,,,22.609999275207517,25.70399917602539,1.5999999999999999,0.008823571367779132,0.13991596766611203,0.15798320795854867,True,True,True,False,True
2025-06-02,EXC,overbought,ReversalShort,short,43.790000915527344,43.88999938964844,42.900001525878906,43.459999084472656,78.23997294282212,,,45.63299903869629,39.98319915771484,1.5999999999999999,0.01242523991953499,0.024620334039687247,0.02692126538408806,True,True,True,False,False
2025-06-10,IONS,overbought,ReversalShort,short,36.84000015258789,36.97999954223633,36.09000015258789,36.18999862670898,77.98005258839896,,,37.99949855804443,33.29479873657226,1.5999999999999999,-0.022658185298162707,-0.09919868164732147,-0.188173573686325,False,False,False,True,False
2025-06-16,CVS,overbought,ReversalShort,short,67.7300033569336,68.5999984741211,66.66999816894531,67.08999633789062,84.5395151742267,,,70.44449615478516,61.72279663085938,1.5999999999999999,0.010731757797130191,0.007303590557699787,0.02191077167309936,True,True,True,False,False
2025-06-29,IONS,overbought,ReversalShort,short,39.95000076293945,40.22999954223633,39.369998931884766,39.5099983215332,77.8064023028688,,,41.48549823760987,36.34919845581055,1.5999999999999999,-0.04631743631478022,-0.06302206490122096,-0.061756581753040295,False,False,False,True,False
2025-07-24,JNJ,overbought,ReversalShort,short,169.75,169.8800048828125,167.44000244140625,168.3000030517578,73.04583706752246,,,176.71500320434572,154.8360028076172,1.5999999999999999,0.0057635246768523085,-0.02988709856261847,-0.049554344543450785,True,False,False,True,False
2025-07-27,COR,overbought,ContShort,short,290.94000244140625,290.94000244140625,284.1000061035156,286.20001220703125,40.73947432596428,292.91680114746094,,300.5100128173828,263.30401123046875,1.5999999999999999,-0.02599581454952666,-0.015723269769621084,-0.014500327461489953,False,False,False,False,False
2025-07-27,EXAS,overbought,ContShort,short,48.650001525878906,49.060001373291016,47.900001525878906,48.040000915527344,36.991670645638834,53.69860000610352,,50.44200096130371,44.19680084228516,1.5999999999999999,0.025187324342484847,0.14841800441787037,0.06140717541048095,True,True,True,False,True
2025-07-27,NXT,breakouts,ContLong,long,65.18000030517578,65.61000061035156,64.08000183105469,65.41000366210938,59.12849790006078,59.70509979248047,,62.139503479003906,70.64280395507814,1.5999999999999999,-0.13919894277896103,-0.17749585346337868,0.03500983271553242,False,False,True,False,True
2025-07-27,SM,oversold,ContLong,long,28.049999237060547,29.100000381469727,27.899999618530277,28.76000022888184,61.843360883051645,25.800599937438964,,27.322000217437747,31.06080024719239,1.5999999999999999,-0.060152973868859816,-0.10744089457568236,-0.09735747990701753,False,False,False,False,True
2025-07-28,DHR,breakouts,ContLong,long,203.1000061035156,207.52999877929688,202.0,206.8500061035156,62.53176786019543,196.87919982910157,,196.50750579833982,223.39800659179687,1.5999999999999999,-0.03775688947030709,-0.0054629192626031355,0.025864107744088014,False,False,True,False,True
2025-07-28,ETNB,overbought,ContShort,short,9.609999656677246,9.609999656677246,9.119999885559082,9.220000267028809,36.44592632807166,9.92879988670349,,9.68100028038025,8.482400245666504,1.5999999999999999,-0.05097606287878686,0.019522809106575792,0.023861199637438272,False,True,True,False,True
2025-07-28,EXAS,overbought,ContShort,short,48.06999969482422,48.06999969482422,46.970001220703125,47.540000915527344,35.691784256436605,53.526000061035155,,49.917000961303714,43.736800842285156,1.5999999999999999,0.0037862915799185483,0.1220025057922574,0.039124959497930004,True,True,True,False,True
2025-07-28,USA,oversold,ContShort,short,6.670000076293945,6.679999828338623,6.579999923706055,6.590000152587891,40.06725716793842,6.714999980926514,,6.919500160217286,6.06280014038086,1.5999999999999999,0.01972687578616625,0.003034898401126696,0.007587282181659469,True,True,True,False,False
2025-07-29,BG,overbought,ContLong,long,78.4000015258789,81.37999725341797,77.13999938964844,80.30000305175781,60.58772708751935,78.27919998168946,,76.28500289916992,86.72400329589844,1.5999999999999999,0.008343687963666222,0.03661263636710859,0.025778326477646444,True,True,True,False,True
2025-07-29,IONS,overbought,ContLong,long,44.970001220703125,45.65999984741211,42.95000076293945,43.369998931884766,64.59076312805446,38.4563996887207,,41.20149898529053,46.83959884643555,1.5999999999999999,-0.061793875286575234,-0.006225512206899779,-0.012912095282115649,False,False,False,False,True
2025-07-29,JBHT,overbought,ContShort,short,146.8800048828125,147.13999938964844,142.5500030517578,143.8699951171875,41.37499897675199,145.06200012207032,,151.0634948730469,132.3603955078125,1.5999999999999999,0.0025022633111117334,-0.013762501240896908,0.00931393885708516,True,False,True,False,True
2025-07-29,NXT,breakouts,ContShort,short,62.54999923706055,62.79999923706055,58.0,58.880001068115234,41.364274222858654,59.76269981384277,,61.824001121521,54.16960098266602,1.5999999999999999,0.07235057844687014,0.060971468876755024,-0.123131726456927,True,True,False,False,True
2025-07-30,BBY,breakouts,ContShort,short,65.31999969482422,65.73999786376953,64.79000091552734,65.05999755859375,38.71850643160065,69.48959991455078,,68.31299743652345,59.85519775390625,1.5999999999999999,-0.038272449840188454,-0.10267446289341925,-0.11266526446536072,False,False,False,False,True
2025-07-30,ELAN,overbought,ContShort,short,14.0,14.210000038146973,13.630000114440918,13.68000030517578,37.237487746842376,14.061200046539307,,14.364000320434569,12.585600280761717,1.5999999999999999,-0.2046783022366731,-0.3157894443313546,-0.27850872667750487,False,False,False,False,True
2025-07-30,EXC,overbought,ContLong,long,43.95000076293945,44.970001220703125,43.900001525878906,44.93999862670898,64.45685323536804,43.317799682617185,,42.692998695373525,48.535198516845696,1.5999999999999999,0.013351186184989556,-0.006452984194301208,-0.006675550650378584,True,False,False,False,False
2025-07-30,MDU,overbought,ContLong,long,16.920000076293945,17.31999969482422,16.920000076293945,17.25,60.97824065901707,16.78300006866455,,16.3875,18.630000000000003,1.5999999999999999,-0.053913061169610504,-0.03594207763671875,-0.052173890929291214,False,False,False,False,False
2025-07-30,USA,oversold,ContShort,short,6.610000133514404,6.619999885559082,6.510000228881836,6.519999980926514,35.45005245076683,6.709599981307983,,6.84599997997284,5.998399982452393,1.5999999999999999,0.004601259186520194,-0.016871186171195804,-0.0,True,False,False,False,False
2025-07-31,BBY,breakouts,ContShort,short,64.5199966430664,64.5999984741211,63.38999938964844,64.12000274658203,36.24970009954799,69.34899993896484,,67.32600288391113,58.99040252685547,1.5999999999999999,-0.07563939903885339,-0.11712405154624332,-0.17576413225695256,False,False,False,False,True
2025-07-31,HI,overbought,ContShort,short,20.100000381469727,20.34000015258789,19.280000686645508,19.700000762939453,37.46621373545189,20.849999961853026,,20.685000801086428,18.124000701904297,1.5999999999999999,-0.001015154804088013,-0.2776649290108103,-0.3238578128772942,False,False,False,False,True
2025-07-31,MU,breakouts,ContShort,short,105.48999786376952,106.5,103.37999725341795,104.87999725341795,36.13205479932228,113.30639984130859,,110.12399711608886,96.48959747314453,1.5999999999999999,-0.13358125956447722,-0.15246001060171643,-0.12204427333106824,False,False,False,False,True
2025-07-31,NXT,breakouts,ContShort,short,57.560001373291016,58.31999969482422,56.560001373291016,56.56999969482422,36.88056074477533,59.71269973754883,,59.39849967956543,52.044399719238285,1.5999999999999999,0.006363807889228258,-0.07088566656996743,-0.21566195888380757,True,False,False,False,True
2025-07-31,OZK,oversold,ContShort,short,48.5,48.75,47.22999954223633,47.81999969482422,37.60268631245964,48.02300003051758,,50.21099967956543,43.99439971923828,1.5999999999999999,-0.0035550394129546226,-0.03136762880745798,-0.0920117430773455,False,False,False,False,True
2025-07-31,PLD,breakouts,ContShort,short,107.18000030517578,107.2699966430664,104.0999984741211,104.91000366210938,42.53596507090391,107.49919998168946,,110.15550384521485,96.51720336914063,1.5999999999999999,-0.007339592185568743,-0.016013655677604533,-0.07025064207341497,False,False,False,False,True
2025-08-03,BG,overbought,ContLong,long,77.68000030517578,80.76000213623047,77.68000030517578,80.5999984741211,59.254661854418394,78.26839996337891,,76.56999855041504,87.04799835205078,1.5999999999999999,0.0200992900403364,-0.0003721932985706812,0.0936724962120434,True,False,True,False,True
2025-08-03,COR,overbought,ContLong,long,287.7900085449219,293.6400146484375,287.75,293.6400146484375,53.19927487749074,292.8474011230469,,278.9580139160156,317.13121582031255,1.5999999999999999,-0.010012267724908637,-0.011204224154738788,-0.01818562385600659,False,False,False,False,False
2025-08-03,EA,overbought,ContLong,long,157.72000122070312,160.32000732421875,156.3699951171875,159.77000427246094,61.472537395517364,151.43180084228516,,151.7815040588379,172.55160461425783,1.5999999999999999,0.1022719903670122,0.05877197933621738,0.0813043117419134,True,True,True,False,True
2025-08-03,MDU,overbought,ContLong,long,17.170000076293945,17.579999923706055,17.170000076293945,17.540000915527344,64.64894494035602,16.78100009918213,,16.663000869750977,18.943200988769533,1.5999999999999999,-0.06100350891234157,-0.07525664385822899,-0.06898522968434578,False,False,False,False,False
2025-08-03,NXT,breakouts,ContShort,short,56.56999969482422,57.02000045776367,55.470001220703125,56.30500030517578,36.38380291337777,59.68159973144531,,59.12025032043457,51.80060028076172,1.5999999999999999,0.044489850893135764,-0.2023798344961368,-0.20042617834205892,True,False,False,False,True
2025-08-04,BG,overbought,ContLong,long,81.19999694824219,82.72000122070312,80.80999755859375,82.41000366210938,63.12509824324612,78.36059997558594,,78.2895034790039,89.00280395507814,1.5999999999999999,0.0013347042357626303,-0.03082151198465715,0.030578771157427517,True,False,True,False,True
2025-08-04,CELH,breakouts,ContShort,short,45.09999847412109,45.2599983215332,42.650001525878906,42.7400016784668,39.40925469212079,43.455,,44.87700176239014,39.32080154418946,1.5999999999999999,-0.28029946354148305,-0.4148338522684015,-0.39377626007059063,False,False,False,False,True
2025-08-04,DDOG,breakouts,ContShort,short,139.66000366210938,139.99000549316406,132.72000122070312,132.94000244140625,41.414701743056916,133.03980026245117,,139.58700256347657,122.30480224609376,1.5999999999999999,0.029938285350139503,0.02971262882278915,0.049872158575705476,True,True,True,False,True
2025-08-04,EA,overbought,ContLong,long,161.6999969482422,161.88999938964844,159.10000610351562,160.99000549316406,62.92224245339791,151.71900085449218,,152.94050521850585,173.8692059326172,1.5999999999999999,0.10509968067343017,0.06018999224786437,0.06981793807598989,True,True,True,False,True
2025-08-04,RGTI,breakouts,ContLong,long,15.739999771118164,16.854999542236328,15.59000015258789,16.469999313354492,62.168632031113795,13.242599925994874,,15.646499347686767,17.78759925842285,1.5999999999999999,-0.016393355292742127,-0.07953852583832145,-0.07103820105632608,False,False,False,False,True
2025-08-05,SMCI,breakouts,ContShort,short,47.33000183105469,48.130001068115234,44.83000183105469,46.790000915527344,40.937644885746224,48.21600021362305,,49.12950096130371,43.04680084228516,1.5999999999999999,0.015387929186045203,0.08933533283579485,0.043385393337756505,True,True,True,False,True
2025-08-05,T,oversold,ContShort,short,27.940000534057617,28.059999465942383,27.450000762939453,27.489999771118164,48.60098783588142,27.79580005645752,,28.864499759674075,25.29079978942871,1.5999999999999999,-0.0331029412509558,-0.06511462096874855,-0.057111666347618835,False,False,False,False,False
2025-08-06,MDU,overbought,ContShort,short,17.149999618530273,17.540000915527344,16.229999542236328,16.31999969482422,40.09562336256727,16.788400115966798,,17.13599967956543,15.014399719238282,1.5999999999999999,-0.018995065670295148,-0.001838277402359409,-0.006127474469343344,False,False,False,False,True
2025-08-06,RBA,oversold,ContLong,long,111.22000122070312,113.37000274658205,109.16000366210938,111.01000213623048,64.0738393374251,106.8972006225586,,105.45950202941896,119.89080230712894,1.5999999999999999,0.05783261008378987,0.04215836604914662,0.032609630191206065,True,True,True,False,False
2025-08-06,RVMD,overbought,ContShort,short,34.18000030517578,36.15999984741211,34.0,34.95000076293945,35.80301334271327,38.521499938964844,,36.69750080108643,32.1540007019043,1.5999999999999999,-0.03061515512064976,-0.0437767881515833,-0.09656652149715568,False,False,False,False,True
2025-08-06,T,oversold,ContLong,long,27.450000762939453,28.11000061035156,27.290000915527344,28.059999465942383,57.67710628514808,27.8092000579834,,26.656999492645262,30.304799423217776,1.5999999999999999,0.024590183435145827,0.049180366870291654,0.03136140715837608,True,True,True,False,False
2025-08-07,CVS,overbought,ContLong,long,63.540000915527344,65.62000274658203,63.29999923706055,65.54000091552734,60.64287437794285,64.5232000732422,,62.263000869750975,70.78320098876954,1.5999999999999999,0.04668900695527445,0.08788529227600061,0.11611230552407037,True,True,True,False,True
2025-08-07,DDOG,breakouts,ContShort,short,136.58999633789062,139.75,129.36000061035156,130.91000366210938,40.36560162074312,134.15760055541992,,137.45550384521485,120.43720336914063,1.5999999999999999,0.02795816637173258,-0.002368020395094342,-0.04407599764923039,True,False,False,False,True
2025-08-07,MU,breakouts,ContLong,long,112.16999816894533,119.33000183105467,111.66999816894533,118.88999938964844,59.38888590521775,114.90179977416992,,112.94549942016602,128.4011993408203,1.5999999999999999,0.01665407828327404,-0.010177467328492635,0.0010093594684002826,True,False,True,False,True
2025-08-07,PEGA,overbought,ContShort,short,54.0099983215332,54.2599983215332,50.72999954223633,51.220001220703125,39.534922927697615,52.834100036621095,,53.781001281738284,47.12240112304688,1.5999999999999999,-0.0281139904800888,-0.0333853776594889,-0.05837559141956783,False,False,False,False,True
2025-08-07,SMCI,breakouts,ContShort,short,46.90999984741211,47.369998931884766,44.52999877929688,44.59999847412109,37.93940604557,48.370800170898434,,46.82999839782714,41.0319985961914,1.5999999999999999,-0.017264584845456166,0.01614344014885173,0.06860981307811681,False,True,True,False,True
2025-08-10,DDOG,breakouts,ContShort,short,129.4600067138672,132.5500030517578,128.4199981689453,128.8300018310547,38.3944435096241,134.39420059204102,,135.27150192260743,118.52360168457032,1.5999999999999999,-0.001862962739679235,0.0034929515007871017,-0.045486303866053346,False,True,False,False,True
2025-08-10,MU,breakouts,ContLong,long,124.97000122070312,127.27999877929688,121.6500015258789,123.72000122070312,64.57634282508297,115.44019973754882,,117.53400115966797,133.6176013183594,1.5999999999999999,-0.0013740556681863293,-0.05900422712359484,-0.04235368422298946,False,False,False,False,True
2025-08-10,PEGA,overbought,ContShort,short,51.0,51.68999862670898,49.54999923706055,49.75,36.48258976853062,52.865,,52.237500000000004,45.77,1.5999999999999999,-0.07015078750687029,-0.06170853657938128,-0.07939700026008951,False,False,False,False,True
2025-08-10,PLD,breakouts,ContShort,short,105.41000366210938,105.86000061035156,103.94000244140624,104.08000183105467,41.45022397127136,107.4284001159668,,109.28400192260742,95.7536016845703,1.5999999999999999,-0.013066877271573749,-0.07244428115755124,-0.06936972611148505,False,False,False,False,True
2025-08-10,RGTI,breakouts,ContLong,long,15.420000076293944,16.170000076293945,15.21500015258789,15.979999542236328,58.082348682726455,13.393599910736084,,15.18099956512451,17.258399505615234,1.5999999999999999,0.04067582209951108,-0.09449307374612115,-0.028785926010626246,True,False,False,False,True
2025-08-10,SM,oversold,ContShort,short,26.5,26.71999931335449,25.3799991607666,25.670000076293945,42.44734320620795,26.455599937438965,,26.953500080108643,23.61640007019043,1.5999999999999999,-0.011297195454491754,-0.10518117471424879,-0.128944271760994,False,False,False,False,True
2025-08-11,BBY,breakouts,ContLong,long,69.33000183105469,70.69000244140625,69.11000061035156,70.23999786376953,58.423352752262744,69.12520004272461,,66.72799797058106,75.85919769287109,1.5999999999999999,0.054954452274301506,0.04883257986180846,0.06620161827022808,True,True,True,False,True
2025-08-11,BTSG,overbought,ContLong,long,20.770000457763672,21.84000015258789,20.770000457763672,21.71999931335449,58.08117470356403,21.52129997253418,,20.633999347686764,23.45759925842285,1.5999999999999999,0.06721920064351082,0.10359116349587512,0.10865564847879723,True,True,True,False,True
2025-08-11,HI,overbought,ContLong,long,20.190000534057617,23.489999771118164,19.90999984741211,23.43000030517578,64.38833929998017,20.985599937438966,,22.25850028991699,25.304400329589846,1.5999999999999999,0.09090905390624669,0.0661544693500557,0.058898811045331234,True,True,True,True,True
2025-08-11,INTC,breakouts,ContLong,long,21.200000762939453,21.86000061035156,20.76000022888184,21.809999465942383,55.07639113168736,21.53139995574951,,20.719499492645262,23.554799423217776,1.5999999999999999,0.16047684941329132,0.11646038412305819,0.10041268169114052,True,True,True,False,True
2025-08-11,SNDK,breakouts,ContLong,long,45.209999084472656,47.86000061035156,45.0,46.83000183105469,61.73404223877537,43.35399993896485,,44.48850173950195,50.576401977539064,1.5999999999999999,-0.048046122400703016,0.011103921049210173,0.13196660791886483,False,True,True,False,True
2025-08-11,T,oversold,ContLong,long,28.13999938964844,28.700000762939453,28.13999938964844,28.479999542236328,63.507936716546574,27.84960006713867,,27.05599956512451,30.758399505615238,1.5999999999999999,0.017556180057464236,0.0028089861303337953,0.01966296988384863,True,True,True,False,False
2025-08-12,BBY,breakouts,ContLong,long,70.37999725341797,72.95999908447266,70.11000061035156,72.7300033569336,64.98710329585924,69.21440017700195,,69.09350318908692,78.54840362548829,1.5999999999999999,-0.006324854841675647,0.03739850771021981,0.059397765645948904,False,True,True,False,True
2025-08-12,BTSG,overbought,ContLong,long,21.75,22.420000076293945,21.57999992370605,22.38999938964844,62.34951125961785,21.490499954223633,,21.27049942016602,24.181199340820317,1.5999999999999999,0.05538185819207521,0.0687807484371495,0.07592678915951245,True,True,True,False,True
2025-08-12,DHR,breakouts,ContLong,long,206.0399932861328,209.32000732421875,206.0399932861328,209.13999938964844,62.99403412092106,199.01260040283202,,198.682999420166,225.87119934082034,1.5999999999999999,0.010806132320127693,-0.019795349534907525,-0.04834082738766597,True,False,False,False,True
2025-08-12,EXC,overbought,ContLong,long,44.540000915527344,45.25,44.52000045776367,45.22999954223633,59.84038600019069,43.536999740600585,,42.96849956512451,48.84839950561524,1.5999999999999999,-0.007738193182917477,-0.018571747978982138,-0.041786411867714764,False,False,False,False,False
2025-08-12,INTC,breakouts,ContLong,long,21.6200008392334,22.299999237060547,21.36000061035156,22.21999931335449,57.76704580812805,21.58099994659424,,21.108999347686762,23.99759925842285,1.5999999999999999,0.05940601453482126,0.1183618879112465,0.10756081777017205,True,True,True,True,True
2025-08-12,RGTI,breakouts,ContLong,long,16.219999313354492,18.155000686645508,15.65999984741211,17.239999771118164,64.3007555332564,13.574999923706054,,16.377999782562256,18.619199752807617,1.5999999999999999,-0.14385148347803478,-0.10730855292090422,-0.12296983258147581,False,False,False,False,True
2025-08-13,BTSG,overbought,ContLong,long,22.18000030517578,22.684999465942383,22.155000686645508,22.57999992370605,63.48500679066695,21.46909996032715,,21.450999927520748,24.386399917602535,1.5999999999999999,0.06111599492601354,0.050930009850129694,0.06864478486703862,True,True,True,False,True
2025-08-13,COR,overbought,ContLong,long,288.69000244140625,297.42999267578125,288.69000244140625,294.8699951171875,55.32735976442753,292.34400146484376,,280.1264953613281,318.4595947265625,1.5999999999999999,0.02835153120892541,-0.016888732496403547,-0.008037423801786325,True,False,False,False,True
2025-08-13,DHR,breakouts,ContLong,long,208.7400054931641,210.47000122070312,207.16000366210935,210.22000122070312,64.00104466161446,199.37580047607423,,199.70900115966796,227.03760131835938,1.5999999999999999,-0.030063777411853176,-0.023451659718118155,-0.04761675601136911,False,False,False,False,True
2025-08-14,DHR,breakouts,ContLong,long,212.0200042724609,212.3999938964844,209.8300018310547,210.92999267578125,64.68146650669613,199.73280029296876,,200.38349304199218,227.80439208984376,1.5999999999999999,0.004124640431357945,-0.024225977950025422,-0.05831312862118646,True,False,False,False,True
2025-08-14,IONS,overbought,ContLong,long,42.86000061035156,43.81999969482422,42.79999923706055,43.77999877929688,60.91003945817137,40.514999618530275,,41.590998840332034,47.282398681640636,1.5999999999999999,-0.024897217518958792,-0.02603927413053147,0.39333032665241374,False,False,True,False,True
2025-08-14,IQV,overbought,ContLong,long,191.05999755859372,192.32000732421875,190.0800018310547,191.08999633789065,64.00219156525037,169.9672003173828,,181.5354965209961,206.37719604492193,1.5999999999999999,0.00031397540291779925,-0.00146527178116551,-0.017845014011511832,True,False,False,False,True
2025-08-14,JBHT,overbought,ContShort,short,145.36000061035156,145.47999572753906,143.22000122070312,143.4499969482422,47.54002719974575,145.55380004882812,,150.6224967956543,131.97399719238283,1.5999999999999999,-0.04663647670776913,-0.010735507686887727,0.003206632728225803,False,False,True,False,False
2025-08-14,K,overbought,ContLong,long,80.05000305175781,80.20999908447266,80.0199966430664,80.19000244140625,55.033069793618594,79.90619995117187,,76.18050231933593,86.60520263671876,1.5999999999999999,-0.0004988267154196919,-0.00860459434342112,-0.010350440276656166,False,False,False,False,False
2025-08-14,NEE,breakouts,ContLong,long,72.23999786376953,76.69000244140625,71.77999877929688,75.41000366210938,62.81385145785982,72.71179946899414,,71.6395034790039,81.44280395507813,1.5999999999999999,0.012067311875388249,-0.04455643080733377,-0.0747912312047381,True,False,False,False,True
2025-08-14,NXT,breakouts,ContLong,long,54.20000076293945,61.119998931884766,53.77000045776367,60.58000183105469,54.64956220427705,59.578299865722656,,57.55100173950195,65.42640197753907,1.5999999999999999,0.13519304332231533,0.11026741669313488,0.15153516057620692,True,True,True,True,True
2025-08-17,IRDM,breakouts,ContShort,short,25.09000015258789,25.350000381469727,24.520000457763672,24.649999618530277,37.440206563674884,28.307000160217285,,25.882499599456793,22.677999649047855,1.5999999999999999,-0.007302243730683937,-0.005273877084261877,0.22150098048554068,False,False,True,False,False
2025-08-18,ASTS,breakouts,ContShort,short,47.73500061035156,48.39899826049805,44.880001068115234,44.95000076293945,39.46359239355233,48.42309982299805,,47.19750080108643,41.3540007019043,1.5999999999999999,-0.12191322467683914,-0.006006684164203238,0.16395992896091807,False,False,True,False,True
2025-08-18,COR,overbought,ContLong,long,289.9800109863281,295.75,288.32000732421875,294.7099914550781,54.690318161660144,292.57420166015623,,279.97449188232423,318.2867907714844,1.5999999999999999,-0.01699969255643826,0.0014591401914682703,0.005463051528017283,False,True,True,False,True
2025-08-18,JBHT,overbought,ContLong,long,144.9600067138672,149.80999755859375,142.67999267578125,147.22999572753906,54.47005224031347,145.76220001220702,,139.8684959411621,159.0083953857422,1.5999999999999999,-0.019764915355329357,-0.012565312085929278,-0.06989060371349376,False,False,False,False,True
2025-08-18,PLD,breakouts,ContLong,long,107.47000122070312,110.87000274658205,107.02999877929688,110.76000213623048,60.58650902185204,107.19300018310547,,105.22200202941896,119.62080230712893,1.5999999999999999,0.0053267996254183735,0.0017153738565121419,0.001986287617009233,True,True,True,False,True
2025-08-18,SMCI,breakouts,ContShort,short,45.84999847412109,45.84999847412109,43.16999816894531,43.2400016784668,36.78994139109626,48.883800201416015,,45.402001762390135,39.78080154418946,1.5999999999999999,-0.02590191693823446,0.07261801763318175,-0.015494869170621857,False,True,False,False,True
2025-08-19,COR,overbought,ContLong,long,296.5599975585937,303.8699951171875,296.0,303.69000244140625,62.42652953444103,292.96900146484376,,288.5055023193359,327.9852026367188,1.5999999999999999,-0.04323489340201725,-0.03618818580139266,-0.002930668251449005,False,False,False,False,True
2025-08-19,SMCI,breakouts,ContShort,short,43.29999923706055,43.470001220703125,41.310001373291016,42.61000061035156,35.73016007290056,48.87360023498535,,44.74050064086914,39.201200561523436,1.5999999999999999,-0.05045758461358308,0.044825154190401464,-0.03144802002801085,False,True,False,False,True
2025-08-19,SYM,breakouts,ContShort,short,45.18899917602539,45.9900016784668,43.34000015258789,44.5,40.09845428151054,45.99400001525879,,46.725,40.940000000000005,1.5999999999999999,-0.07258425937609726,-0.016179802712429775,-0.09910112016656425,False,False,False,False,True
2025-08-20,RBA,oversold,ContLong,long,114.9000015258789,115.79000091552734,114.5,115.69000244140624,63.67208357321625,109.04480056762695,,109.90550231933592,124.94520263671875,1.5999999999999999,-0.009162461454049534,-0.005532019847372545,0.012619924398498647,False,False,True,False,False
2025-08-20,SNDK,breakouts,ContLong,long,43.869998931884766,45.59999847412109,43.560001373291016,45.5,55.25493499864566,44.16919998168945,,43.225,49.14,1.5999999999999999,0.11802195454691793,0.5065934736650068,0.8929669726025927,True,True,True,False,True
2025-08-21,A,overbought,ContLong,long,118.2699966430664,122.41000366210938,117.47000122070312,121.62999725341795,58.905936181289604,117.81919998168945,,115.54849739074704,131.3603970336914,1.5999999999999999,0.03313332647944438,0.05344082690268981,0.03288662410857363,True,True,True,False,True
2025-08-21,AVTR,breakouts,ContLong,long,12.720000267028809,13.300000190734863,12.630000114440918,13.270000457763672,55.830576801651986,13.110000019073487,,12.606500434875487,14.331600494384766,1.5999999999999999,0.015071575159451178,-0.010550138545085437,-0.0663150025685244,True,False,False,False,True
2025-08-21,JBHT,overbought,ContLong,long,143.55999755859375,152.0,143.1699981689453,150.13999938964844,57.941704585181085,145.92920013427735,,142.63299942016602,162.1511993408203,1.5999999999999999,-0.03430127825642876,-0.047622178803454415,-0.09184756455436338,False,False,False,False,True
2025-08-21,OZK,oversold,ContLong,long,50.0099983215332,52.33000183105469,50.0,52.220001220703125,64.1423628657893,49.296200103759766,,49.60900115966797,56.39760131835938,1.5999999999999999,0.004787437651397164,0.005936375935411805,-0.007468391048099372,True,True,False,False,True
2025-08-21,PLD,breakouts,ContLong,long,109.2300033569336,113.1500015258789,109.13999938964844,112.27999877929688,61.597556782130525,107.27160018920898,,106.66599884033202,121.26239868164063,1.5999999999999999,0.01335945864185904,0.011400060502431232,0.017723529438944594,True,True,True,False,True
2025-08-21,SM,oversold,ContLong,long,25.979999542236328,27.90999984741211,25.959999084472656,27.780000686645508,57.77453799091267,26.727999992370606,,26.39100065231323,30.00240074157715,1.5999999999999999,0.02771772971140333,-0.03851697536808292,-0.061555109775188965,True,False,False,False,True
2025-08-24,SM,oversold,ContLong,long,27.799999237060547,28.76000022888184,27.450000762939453,28.3700008392334,60.80982876602921,26.75280002593994,,26.951500797271727,30.639600906372074,1.5999999999999999,0.02150153982933096,-0.08071909932270649,-0.03383859582033166,True,False,False,False,True
2025-08-25,OZK,oversold,ContLong,long,51.77999877929688,52.41999816894531,51.400001525878906,52.130001068115234,62.64492119643425,49.5692000579834,,49.52350101470947,56.30040115356446,1.5999999999999999,0.009975070920950443,0.002301916927413257,-0.0032611160590702163,True,True,False,False,True
2025-08-25,PEGA,overbought,ContShort,short,52.88999938964844,53.220001220703125,52.18000030517578,52.310001373291016,46.51103565643922,53.30550003051758,,54.92550144195557,48.12520126342773,1.5999999999999999,-0.02982216627106169,-0.07914355344984336,-0.11871533017476506,False,False,False,False,False
2025-08-26,INTC,breakouts,ContLong,long,24.190000534057617,24.989999771118164,24.049999237060547,24.850000381469727,61.561008434263854,22.33099994659424,,23.607500362396237,26.838000411987306,1.5999999999999999,-0.009657938327322193,-0.009657938327322193,0.23018105535401964,False,False,True,False,True
2025-08-26,RVMD,overbought,ContLong,long,37.209999084472656,38.25,35.637001037597656,38.040000915527344,57.2695921963096,37.382699737548826,,36.138000869750975,41.08320098876953,1.5999999999999999,0.023922182584403182,0.21556258058848624,0.18874868907390102,True,True,True,False,True
2025-08-26,SM,oversold,ContLong,long,27.299999237060547,28.38999938964844,27.299999237060547,28.020000457763672,57.38962033808703,26.742800025939943,,26.61900043487549,30.26160049438477,1.5999999999999999,0.006780821684688456,-0.02962169557981151,-0.023554598023899843,True,False,False,False,True
2025-08-26,XEL,breakouts,ContLong,long,72.30000305175781,72.98999786376953,72.23999786376953,72.87000274658203,53.83905766143049,70.74240005493164,,69.22650260925293,78.6996029663086,1.5999999999999999,-0.008645599822514765,-0.0002745199904891701,-0.009606210391827555,False,False,False,False,True
2025-08-27,A,overbought,ContLong,long,118.8000030517578,125.41999816894533,118.1999969482422,124.95999908447266,62.9829107618898,118.01920013427734,,118.71199913024901,134.9567990112305,1.5999999999999999,0.030329713054537653,-0.013764414479072,0.01088348767858269,True,False,True,False,True
2025-08-27,DDOG,breakouts,ContLong,long,134.3699951171875,141.36000061035156,134.1199951171875,140.9600067138672,60.12421410750762,136.71840133666993,,133.91200637817383,152.23680725097657,1.5999999999999999,-0.03461978327454507,-0.031640227734384935,-0.01518160675171074,False,False,False,False,True
2025-08-27,EXC,overbought,ContShort,short,44.33000183105469,44.33000183105469,43.66999816894531,43.7599983215332,43.880785599860594,43.89639976501465,,45.947998237609866,40.25919845581055,1.5999999999999999,0.007541088414417011,0.008683667001673114,0.007998137283951134,True,True,True,False,False
2025-08-27,GM,overbought,ReversalShort,short,58.9900016784668,59.0,57.7599983215332,58.4900016784668,70.21112897964638,53.21820007324219,,61.41450176239014,53.81080154418945,1.5999999999999999,0.00376134748486627,-0.0001709406949270789,-0.008377463664014989,True,False,False,False,False
2025-08-27,K,overbought,ContShort,short,79.68000030517578,79.69999694824219,79.41000366210938,79.47000122070312,37.81654151840841,79.69399978637695,,83.44350128173828,73.11240112304688,1.5999999999999999,-0.005033365040073762,0.0005033461043526813,0.02629928193257255,False,True,True,False,False
2025-08-27,RVMD,overbought,ContLong,long,37.959999084472656,39.540000915527344,37.71500015258789,38.32500076293945,58.68409497328815,37.36639976501465,,36.408750724792476,41.391000823974615,1.5999999999999999,0.056751446673519355,0.21461182805962853,0.1360730606333303,True,True,True,False,True
2025-08-28,A,overbought,ContLong,long,125.0,126.3000030517578,124.11000061035156,125.66000366210938,63.968120792701164,118.2220002746582,,119.3770034790039,135.71280395507813,1.5999999999999999,0.019656224325321357,-0.00023879044896501448,0.005331833116501212,True,False,True,False,True
2025-08-28,DELL,breakouts,ContShort,short,124.02999877929688,124.9000015258789,119.62999725341795,122.1500015258789,37.19381327232193,129.0166000366211,,128.25750160217285,112.3780014038086,1.5999999999999999,-0.006958644809685177,-0.03806796125904047,-0.11084732498066106,False,False,False,False,True
2025-08-28,PEGA,overbought,ContLong,long,53.7400016784668,54.25,53.36000061035156,54.209999084472656,53.347156367085276,53.501100082397464,,51.49949913024902,58.546799011230476,1.5999999999999999,0.060689927524269174,0.09260285081247213,0.10643793682365825,True,True,True,False,True
2025-08-28,PLD,breakouts,ContLong,long,112.41000366210938,113.95999908447266,112.19000244140624,113.77999877929688,63.89603774602446,107.85880020141602,,108.09099884033202,122.88239868164064,1.5999999999999999,-0.00193356673460557,0.004306537783674946,0.0013183470512235596,False,True,True,False,True
2025-08-28,USA,oversold,ContShort,short,6.610000133514404,6.619999885559082,6.559999942779541,6.599999904632568,50.947193825969805,6.659399976730347,,6.929999899864197,6.071999912261963,1.5999999999999999,0.0015151139680561003,0.018181801105005106,0.010606014520558654,True,True,True,False,False
2025-09-01,EXC,overbought,ContShort,short,43.630001068115234,43.709999084472656,43.15999984741211,43.369998931884766,40.411142812315624,43.93799980163574,,45.538498878479004,39.90039901733399,1.5999999999999999,0.006456047641057824,0.014756730583590644,-0.01982938970559455,True,True,False,False,False
2025-09-01,RVMD,overbought,ContLong,long,37.970001220703125,40.119998931884766,37.880001068115234,39.52999877929688,63.5275700368103,37.324599761962894,,37.55349884033204,42.69239868164063,1.5999999999999999,0.03566910930820866,0.13078679846431632,0.11826469001072303,True,True,True,False,True
2025-09-01,SM,oversold,ContLong,long,28.450000762939453,29.229999542236328,28.26000022888184,28.979999542236328,61.74447550044987,26.80740001678467,,27.53099956512451,31.298399505615237,1.5999999999999999,-0.10006900152995965,-0.054175283630907366,-0.08557624504520443,False,False,False,False,True
2025-09-02,DHR,breakouts,ContShort,short,202.77999877929688,204.0399932861328,198.67999267578125,199.44000244140625,43.83091325872349,201.67519989013672,,209.41200256347656,183.48480224609375,1.5999999999999999,0.03434619945679187,0.03259125511648368,0.06783994491411972,True,True,True,False,True
2025-09-02,EXAS,overbought,ContLong,long,48.33000183105469,49.5,47.810001373291016,49.27000045776367,59.31058099983592,48.80200012207031,,46.80650043487549,53.21160049438477,1.5999999999999999,0.11162979396996013,0.06312158679636276,0.0781408248092361,True,True,True,False,True
2025-09-03,ETNB,overbought,ContShort,short,9.359999656677246,9.470000267028809,8.454999923706055,8.609999656677246,38.60112957933672,9.668099918365478,,9.04049963951111,7.921199684143067,1.5999999999999999,-0.004645756498028021,-0.7375145917160589,-0.7073171190970908,False,False,False,False,True
2025-09-03,MU,breakouts,ContLong,long,118.8499984741211,124.41000366210938,118.5199966430664,124.20999908447266,59.48209445402415,117.96160018920898,,117.99949913024902,134.14679901123048,1.5999999999999999,0.21222130612704695,0.35971339372436384,0.2626197809115017,True,True,True,False,True
2025-09-03,NEE,breakouts,ContShort,short,72.05000305175781,72.5,70.16000366210938,70.87000274658203,38.09577150739285,73.17759948730469,,74.41350288391114,65.20040252685547,1.5999999999999999,-0.006349610989169748,0.001128853223567088,-0.05333707679980554,False,True,False,False,True
2025-09-03,RBA,oversold,ContLong,long,114.5199966430664,116.2699966430664,114.29000091552734,116.02999877929688,59.698669187975234,110.77100036621094,,110.22849884033202,125.31239868164063,1.5999999999999999,0.023097477664146725,0.015944139391399985,-0.06041542885443223,True,True,False,False,False
2025-09-04,AMD,breakouts,ContShort,short,157.1199951171875,157.13999938964844,150.17999267578125,151.13999938964844,35.65397737945705,161.0997998046875,,158.69699935913087,139.04879943847658,1.5999999999999999,-0.049159772162068655,-0.04135238868095471,-0.055048348271917395,False,False,False,False,True
2025-09-04,NXT,breakouts,ContLong,long,69.5,71.2699966430664,67.36000061035156,70.12000274658203,64.24495323658425,62.01809989929199,,66.61400260925292,75.7296029663086,1.5999999999999999,-0.048773611870780345,0.017541296054769735,0.04207069071151717,False,True,True,False,True
2025-09-04,PEGA,overbought,ContLong,long,54.11000061035156,55.540000915527344,53.91999816894531,55.5099983215332,58.21833185056382,53.8042000579834,,52.73449840545654,59.95079818725586,1.5999999999999999,0.04611784274361887,0.07512163771810039,0.05674656136058594,True,True,True,False,True
2025-09-07,PEGA,overbought,ContLong,long,55.869998931884766,57.709999084472656,55.77999877929688,57.5,64.29045257488161,53.91020004272461,,54.625,62.1,1.5999999999999999,0.030086948560631793,0.04313042682150136,0.01895652439283288,True,True,True,False,True
2025-09-07,RHI,oversold,ContShort,short,36.7599983215332,36.93999862670898,35.45000076293945,35.93000030517578,42.12583143820201,38.545199966430665,,37.726500320434575,33.05560028076172,1.5999999999999999,0.026440321593946766,0.02866681799466898,0.045922669408973556,True,True,True,False,True
2025-09-08,ALB,breakouts,ContShort,short,75.22000122070312,76.0,71.38999938964844,72.58000183105469,40.79065609335787,75.73699996948243,,76.20900192260743,66.77360168457031,1.5999999999999999,-0.11518325157680807,-0.1038853778631515,-0.11711214915350304,False,False,False,False,True
2025-09-08,COR,overbought,ContLong,long,298.5799865722656,300.25,296.2900085449219,298.6700134277344,57.556534383306364,293.0584014892578,,283.7365127563476,322.56361450195317,1.5999999999999999,-0.029028737529528236,0.012488633947353068,0.04640568094699616,False,True,True,False,False
2025-09-08,RTX,overbought,ContShort,short,153.63999938964844,153.6999969482422,150.61000061035156,151.75,37.6848152874544,153.6794006347656,,159.3375,139.61,1.5999999999999999,-0.045008249298548186,-0.05792417321998559,-0.10266887532820222,False,False,False,False,True
2025-09-08,SM,oversold,ContShort,short,27.100000381469727,27.38999938964844,26.030000686645508,26.07999992370605,43.07505033618595,27.00419990539551,,27.383999919891355,23.99359992980957,1.5999999999999999,-0.050996929739141696,-0.016104297451020294,0.042561373220810494,False,False,True,False,True
2025-09-09,INTC,breakouts,ContLong,long,24.420000076293945,24.8700008392334,24.280000686645508,24.770000457763672,59.56180773605086,22.798599967956545,,23.531500434875486,26.751600494384768,1.5999999999999999,0.0052482502367439164,0.26039558887328124,0.4509486460443038,True,True,True,False,False
2025-09-09,JBHT,overbought,ContShort,short,140.33999633789062,141.25999450683594,135.69000244140625,136.94000244140625,37.66368291712925,146.31580017089843,,143.78700256347656,125.98480224609375,1.5999999999999999,0.01767195944063736,0.029721098668449495,0.03110858543651457,True,True,True,False,True
2025-09-09,RHI,oversold,ContShort,short,35.619998931884766,35.810001373291016,34.709999084472656,35.0099983215332,37.35779703030848,38.314999923706054,,36.760498237609866,32.20919845581055,1.5999999999999999,0.007997680454747675,0.010853963771379222,0.029420132210156814,True,True,True,False,True
2025-09-09,VRT,breakouts,ContLong,long,134.24000549316406,141.22000122070312,134.24000549316406,136.74000549316406,58.754740195647784,131.20879989624024,,129.90300521850585,147.6792059326172,1.5999999999999999,0.0006581566057866227,0.03568809001011338,0.18173167943867655,True,True,True,False,True
2025-09-10,COR,overbought,ContLong,long,297.32000732421875,303.6199951171875,295.67999267578125,302.79998779296875,61.01448597545203,293.13720153808595,,287.6599884033203,327.02398681640625,1.5999999999999999,-0.03949799186668212,-0.013143925459703795,0.019055547436795453,False,False,True,False,False
2025-09-10,EL,breakouts,ContShort,short,87.44999694824219,88.41999816894531,86.79000091552734,86.80999755859375,44.13264329247633,89.64219985961914,,91.15049743652344,79.86519775390626,1.5999999999999999,-0.013708126654456355,0.032484734179618155,-0.022578034092786657,False,True,False,False,True
2025-09-10,JNJ,overbought,ContLong,long,175.75,178.85000610351562,175.6300048828125,178.5,61.888384986206866,169.95039916992187,,169.575,192.78,1.5999999999999999,-0.02431370497417717,-0.00431374942555147,0.04190473796940635,False,False,True,False,False
2025-09-10,PEGA,overbought,ContLong,long,56.959999084472656,58.38999938964844,56.65999984741211,58.08000183105469,64.11409928197004,54.14200004577637,,55.17600173950195,62.72640197753907,1.5999999999999999,0.027548182225875784,0.003615686602137334,-0.009297536131250802,True,True,False,False,True
2025-09-10,RGTI,breakouts,ContLong,long,16.149999618530273,17.0,16.040000915527344,16.690000534057617,58.1733719165557,15.257799949645996,,15.855500507354735,18.02520057678223,1.5999999999999999,0.482324684210388,0.9233072167144533,1.1210305807744978,True,True,True,True,True
2025-09-11,ANF,oversold,ContShort,short,93.63999938964844,93.97000122070312,87.41999816894531,87.4800033569336,36.902332077164374,94.88399963378906,,91.85400352478028,80.4816030883789,1.5999999999999999,-0.03909462777443122,0.018175627643698917,0.034293551496099965,False,True,True,False,True
2025-09-11,AVTR,breakouts,ContShort,short,13.0,13.010000228881836,12.300000190734863,12.3100004196167,42.43730485576428,12.986400032043457,,12.925500440597535,11.325200386047364,1.5999999999999999,-0.015434571397782038,0.03818036157657931,-0.16084479892308404,False,True,False,False,True
2025-09-11,DHR,breakouts,ContShort,short,195.0,195.0,188.8600006103516,190.0500030517578,35.22690514048779,201.07779998779296,,199.5525032043457,174.8460028076172,1.5999999999999999,-0.01704809356668428,0.027413873350206036,-0.1312286347852053,False,True,False,False,True
2025-09-11,EA,overbought,ContLong,long,169.58999633789062,173.13999938964844,169.0,172.3800048828125,59.2166420457698,162.6527996826172,,163.76100463867186,186.17040527343752,1.5999999999999999,0.004118757599298085,0.12164984700492924,0.16423017030217324,True,True,True,False,False
2025-09-11,EL,breakouts,ContShort,short,86.20999908447266,86.4800033569336,83.44999694824219,83.6500015258789,38.16330502062725,89.54359985351563,,87.83250160217285,76.9580014038086,1.5999999999999999,-0.04961149372597459,-0.03598328847966919,-0.05224142304212091,False,False,False,False,True
2025-09-11,HOLX,overbought,ContShort,short,66.05000305175781,66.25,64.37999725341797,64.44999694824219,38.43770668469411,66.38060005187988,,67.6724967956543,59.29399719238282,1.5999999999999999,-0.02916997628909547,-0.0428239296651471,-0.05849502639214261,False,False,False,False,False
2025-09-11,XEL,breakouts,ContLong,long,72.8499984741211,73.72000122070312,72.5999984741211,73.3499984741211,57.78614288441904,71.83379974365235,,69.68249855041503,79.21799835205078,1.5999999999999999,-0.016905220034967278,0.08084526828269763,0.09420591419026847,False,True,True,False,False
2025-09-14,HOLX,overbought,ContShort,short,64.44999694824219,64.76000213623047,63.75,63.79999923706055,35.80409037578944,66.36100006103516,,66.98999919891358,58.69599929809571,1.5999999999999999,-0.054702221319769276,-0.052507873493396355,-0.05548584863890942,False,False,False,False,True
2025-09-14,SYM,breakouts,ContLong,long,47.88999938964844,51.84999847412109,47.619998931884766,51.38999938964844,56.835124875250195,50.32450012207031,,48.820499420166016,55.501199340820314,1.5999999999999999,0.1817474268051706,0.04553415412297592,0.3201011314188833,True,True,True,False,True
2025-09-15,COR,overbought,ContShort,short,291.54998779296875,292.9200134277344,287.29998779296875,290.0,45.33473702056341,293.0176007080078,,304.5,266.8,1.5999999999999999,-0.042758599643049566,-0.07768965096309267,-0.0645172119140625,False,False,False,False,True
2025-09-15,EXC,overbought,ContShort,short,43.380001068115234,43.560001373291016,42.709999084472656,42.72999954223633,36.26428265465266,43.98919998168945,,44.866499519348146,39.311599578857425,1.5999999999999999,-0.035104142664858444,-0.0533582682827604,-0.095015244951686,False,False,False,False,False
2025-09-15,MDU,overbought,ContShort,short,16.239999771118164,16.239999771118164,15.8100004196167,15.869999885559082,37.52157891750769,16.634399967193602,,16.663499879837037,14.600399894714355,1.5999999999999999,-0.08380597901519876,-0.12224320065361846,-0.14744796570810678,False,False,False,False,False
2025-09-15,RBA,oversold,ContLong,long,116.47000122070312,117.68000030517578,116.12000274658205,117.48999786376952,59.88975768085443,112.54780029296874,,111.61549797058103,126.8891976928711,1.5999999999999999,-0.04042897341361482,-0.07770871920522333,-0.09983824956010338,False,False,False,False,False
2025-09-15,SMCI,breakouts,ContShort,short,45.54999923706055,45.81999969482422,44.5,44.90999984741211,51.51355760775972,48.024600143432615,,47.15549983978271,41.317199859619144,1.5999999999999999,-0.04631489285508304,-0.06746824292121364,-0.22623023562529734,False,False,False,True,False
2025-09-16,DELL,breakouts,ContLong,long,128.10000610351562,133.0,127.9000015258789,130.33999633789062,54.65733624485064,129.61360000610352,,123.82299652099609,140.7671960449219,1.5999999999999999,0.013426423578095993,0.14838113304648276,0.2623139742368322,True,True,True,False,True
2025-09-16,HOLX,overbought,ContLong,long,63.7400016784668,70.9000015258789,63.59999847412109,68.19999694824219,57.82700931902062,66.40619995117187,,64.78999710083008,73.65599670410157,1.5999999999999999,-0.026392895937067562,-0.01700874024371554,0.0020527770661732544,False,False,True,False,True
2025-09-16,JBHT,overbought,ContShort,short,137.97999572753906,141.02999877929688,134.25,134.52000427246094,38.0269598644777,144.885,,141.246004486084,123.75840393066407,1.5999999999999999,0.012265901745969756,0.013678349228660978,-0.08942906926267224,True,True,False,False,True
2025-09-16,K,overbought,ContShort,short,79.41999816894531,79.58000183105469,78.05999755859375,78.6500015258789,38.74961741505443,79.73460021972656,,82.58250160217285,72.3580014038086,1.5999999999999999,0.02148763393030798,-0.04844243464305735,-0.053655449953355444,True,False,False,False,False
2025-09-17,ELAN,overbought,ContLong,long,18.51000022888184,19.270000457763672,18.450000762939453,19.100000381469727,64.45835939578518,16.61140001296997,,18.14500036239624,20.628000411987305,1.5999999999999999,-0.009424099559202752,0.07172769133627326,0.050785303349813425,False,True,True,False,False
2025-09-17,WRBY,oversold,ContLong,long,27.1200008392334,28.38500022888184,27.11000061035156,28.34000015258789,64.77419660264445,25.220799980163573,,26.923000144958493,30.607200164794925,1.5999999999999999,-0.03069868858677325,-0.0670430348729823,-0.1623147620572498,False,False,False,False,True
2025-09-18,JBHT,overbought,ContShort,short,135.00999450683594,135.49000549316406,131.8800048828125,132.52000427246094,35.94106962503872,144.09,,139.146004486084,121.91840393066407,1.5999999999999999,-0.014639317679296234,-0.04097489058796884,-0.03448529971394953,False,False,False,False,True
2025-09-18,MDU,overbought,ContLong,long,16.5,16.93000030517578,16.31999969482422,16.709999084472656,57.63324929022186,16.616999950408935,,15.874499130249022,18.04679901123047,1.5999999999999999,0.04608022142138687,0.06044286560256925,0.1220826467562744,True,True,True,False,True
2025-09-18,RHI,oversold,ContShort,short,35.119998931884766,35.16999816894531,34.27000045776367,34.470001220703125,39.36736477268464,37.282600021362306,,36.193501281738286,31.712401123046877,1.5999999999999999,0.01305485195832186,0.0011604558778871956,0.0902233971632023,True,True,True,False,True
2025-09-18,SM,oversold,ContShort,short,27.270000457763672,27.34000015258789,25.6299991607666,25.65999984741211,41.94537152498493,27.064999923706054,,26.942999839782715,23.60719985961914,1.5999999999999999,-0.0748246331921775,-0.007404541511592384,0.11925173359854846,False,False,True,False,True
2025-09-18,VRT,breakouts,ContLong,long,142.6300048828125,144.49000549316406,139.3800048828125,143.60000610351562,64.66711511760589,133.0468000793457,,136.42000579833984,155.0880065917969,1.5999999999999999,-0.03467974077061132,0.115598817125121,0.17694977244641094,False,True,True,False,True
2025-09-21,ASTS,breakouts,ContLong,long,46.76499938964844,48.93000030517578,45.220001220703125,48.84999847412109,60.764315185064405,48.38269989013672,,46.40749855041503,52.75799835205078,1.5999999999999999,-0.00020467393747192764,0.49232351694951676,0.8526100885743843,False,True,True,True,True
2025-09-21,BG,overbought,ContShort,short,78.93000030517578,79.0999984741211,76.01000213623047,77.13999938964844,37.68714442614202,80.55420013427734,,80.99699935913087,70.96879943847657,1.5999999999999999,-0.06857662635964733,-0.09061444022655168,-0.04977967329100671,False,False,False,False,True
2025-09-21,CELH,breakouts,ContShort,short,54.040000915527344,54.06999969482422,51.04999923706055,51.34000015258789,35.94415699562336,53.12759994506836,,53.90700016021729,47.23280014038086,1.5999999999999999,-0.10829765011231214,-0.1513439897676356,-0.19088428531230847,False,False,False,False,True
2025-09-21,DELL,breakouts,ContLong,long,132.6199951171875,137.97999572753906,131.80999755859375,135.69000244140625,62.508160487151535,129.98100006103516,,128.90550231933594,146.54520263671876,1.5999999999999999,-0.013191897064743866,0.0742132204602039,0.13051802738912666,False,True,True,False,True
2025-09-21,RTX,overbought,ContLong,long,158.07000732421875,159.8000030517578,157.6699981689453,159.42999267578125,58.2374760945026,155.85660064697265,,151.45849304199217,172.18439208984375,1.5999999999999999,0.026343927742457127,0.058771942585681025,-0.003637876177069723,True,True,False,False,False
2025-09-22,CELH,breakouts,ContShort,short,51.27999877929688,52.45000076293945,50.79999923706055,51.0099983215332,35.22350323346568,53.23839988708496,,53.56049823760986,46.92919845581055,1.5999999999999999,-0.12703398490797724,-0.19702025842873505,-0.21270344336079253,False,False,False,False,True
2025-09-22,EXC,overbought,ContLong,long,43.2400016784668,44.27999877929688,43.2400016784668,44.22999954223633,57.31723148234818,44.002600021362305,,42.01849956512451,47.768399505615236,1.5999999999999999,0.017635061889431737,0.05787929911340846,0.07121866512503332,True,True,True,False,False
2025-09-22,RBA,oversold,ContShort,short,114.83000183105467,114.91000366210938,112.66000366210938,112.73999786376952,41.13431570729762,113.47600021362305,,118.376997756958,103.72079803466796,1.5999999999999999,0.03885042874234012,0.061912328009562145,0.06164623984329209,True,True,True,False,True
2025-09-22,RHI,oversold,ContShort,short,34.970001220703125,35.2400016784668,33.619998931884766,33.790000915527344,37.21779098130167,36.992000045776365,,35.479500961303714,31.086800842285157,1.5999999999999999,-0.005622924580084143,0.018644600504456727,0.034921582515659,False,True,True,False,True
2025-09-22,RTX,overbought,ContLong,long,159.75,161.39999389648438,158.9499969482422,160.5399932861328,60.97746131757973,156.0818005371094,,152.51299362182615,173.38319274902344,1.5999999999999999,0.04229481019611071,0.05437904168071377,-0.007101030505318383,True,True,False,False,False
2025-09-22,XEL,breakouts,ContLong,long,72.02999877929688,73.04000091552734,71.83999633789062,73.04000091552734,55.81617006806663,72.41720001220703,,69.38800086975097,78.88320098876953,1.5999999999999999,0.10418949226400923,0.12061880405481841,0.10692767607747178,True,True,True,False,False
2025-09-23,AVTR,breakouts,ContShort,short,12.18000030517578,12.289999961853027,11.984999656677246,12.010000228881836,40.66911697368938,12.81700002670288,,12.610500240325928,11.04920021057129,1.5999999999999999,-0.13821813620120624,-0.14487924545861253,-0.15487090934472172,False,False,False,False,True
2025-09-23,COR,overbought,ContLong,long,301.70001220703125,309.6400146484375,301.20001220703125,308.3599853515625,64.17054357155199,292.7588000488281,,292.9419860839844,333.02878417968753,1.5999999999999999,0.01105851544979682,0.007296666580894942,0.03648333290447471,True,True,True,False,True
2025-09-23,IQV,overbought,ContShort,short,186.27999877929688,187.7700042724609,180.5500030517578,181.2400054931641,42.894192995288144,185.68339935302734,,190.3020057678223,166.74080505371097,1.5999999999999999,-0.12442058656756799,-0.10681968673346634,-0.12072384109946778,False,False,False,False,True
2025-09-23,NEE,breakouts,ContLong,long,72.19000244140625,73.87999725341797,72.05000305175781,73.83000183105469,59.68961412086818,72.68779983520508,,70.13850173950195,79.73640197753907,1.5999999999999999,0.06555595581544203,0.13829065192001774,0.16199375305232608,True,True,True,False,True
2025-09-23,RBA,oversold,ContShort,short,112.6999969482422,113.44000244140624,110.16000366210938,110.6999969482422,36.29332741402249,113.53440017700196,,116.23499679565431,101.84399719238283,1.5999999999999999,0.028906928965303953,0.045257404200095774,0.05031616845869021,True,True,True,False,True
2025-09-23,T,oversold,ContShort,short,28.690000534057617,28.75,28.170000076293945,28.31999969482422,40.04015672412351,28.506400108337402,,29.73599967956543,26.054399719238283,1.5999999999999999,0.027189281993685813,0.07309321035065312,0.07944915339851545,True,True,True,False,True
2025-09-24,AVTR,breakouts,ContShort,short,11.93000030517578,11.989999771118164,11.71500015258789,11.779999732971191,38.256242318208024,12.79540002822876,,12.368999719619751,10.837599754333496,1.5999999999999999,-0.16893045584904745,-0.1494057953121806,-0.23684210739360737,False,False,False,False,True
2025-09-24,HI,overbought,ContShort,short,23.59000015258789,23.979999542236328,22.979999542236328,23.32999992370605,43.093962986388334,23.559999847412108,,24.496499919891356,21.46359992980957,1.5999999999999999,-0.15730819066847887,-0.1037291077671604,-0.34204884562077104,False,False,False,False,True
2025-09-24,IQV,overbought,ContShort,short,179.52999877929688,179.92999267578125,176.16000366210938,176.69000244140625,37.82784298208584,186.0443994140625,,185.52450256347657,162.55480224609374,1.5999999999999999,-0.15648872892881227,-0.1489048457471081,-0.1644688276476231,False,False,False,False,True
2025-09-24,NEE,breakouts,ContLong,long,74.05999755859375,74.91000366210938,73.58999633789062,74.6500015258789,63.002989637704786,72.68539993286133,,70.91750144958496,80.62200164794922,1.5999999999999999,0.04728732360538708,0.12136634123782197,0.13931682938108902,True,True,True,False,True
2025-09-24,RHI,oversold,ContShort,short,34.529998779296875,34.529998779296875,33.36000061035156,33.4900016784668,37.88964038521497,36.73040008544922,,35.16450176239014,30.810801544189456,1.5999999999999999,-0.022394743577520648,0.006867821600662383,0.04329652703098447,False,True,True,False,True
2025-09-24,TMO,overbought,ContShort,short,467.010009765625,468.760009765625,457.4100036621094,459.2200012207031,39.24993653677058,474.19640075683594,,482.1810012817383,422.4824011230469,1.5999999999999999,-0.14315583070685586,-0.1643220923620261,-0.16889514365663744,False,False,False,False,True
2025-09-25,HI,overbought,ContLong,long,23.530000686645508,26.440000534057617,23.32999992370605,26.0,57.2857417029569,23.647599830627442,,24.7,28.080000000000002,1.5999999999999999,0.031923073988694275,-0.055000011737530045,0.21115383735069862,True,False,True,False,True
2025-09-25,JNJ,overbought,ContLong,long,178.60000610351562,179.91000366210938,177.32000732421875,179.7100067138672,60.82285465440457,174.1731997680664,,170.72450637817383,194.08680725097656,1.5999999999999999,0.04969112649358203,0.06126533913253902,0.07517664015419265,True,True,True,False,False
2025-09-28,DDOG,breakouts,ContLong,long,140.1699981689453,145.8699951171875,139.10000610351562,145.25999450683594,64.25411867867636,136.49740188598633,,137.99699478149412,156.88079406738282,1.5999999999999999,0.08329895746310384,0.1303869142065466,0.07596725925519753,True,True,True,False,True
2025-09-28,JNJ,overbought,ContLong,long,179.8300018310547,181.8699951171875,179.8000030517578,181.6199951171875,64.79754092038596,174.5315997314453,,172.53899536132812,196.14959472656253,1.5999999999999999,0.0360092980990447,0.05109568895929728,0.06662265405143461,True,True,True,False,False
2025-09-28,T,oversold,ContShort,short,28.25,28.34000015258789,27.8799991607666,28.06999969482422,36.81475798788125,28.58240005493164,,29.473499679565432,25.824399719238283,1.5999999999999999,0.07837544992907408,0.08835053684356153,0.07018166493666678,True,True,True,False,True
2025-09-29,A,overbought,ContLong,long,123.41999816894533,128.38999938964844,123.01000213623048,128.35000610351562,59.51004033634806,121.39700057983399,,121.93250579833983,138.61800659179687,1.5999999999999999,0.07954804027701923,0.07549658528883989,0.1350213147499877,True,True,True,True,True
2025-09-29,CELH,breakouts,ContLong,long,58.65999984741211,58.900001525878906,57.06999969482422,57.4900016784668,56.90817098212144,54.23879997253418,,54.61550159454345,62.08920181274414,1.5999999999999999,0.062097749010179316,0.07601319889196617,0.10280048138571778,True,True,True,False,True
2025-09-29,COR,overbought,ContLong,long,307.8800048828125,312.7300109863281,306.6000061035156,312.5299987792969,63.45662646491657,293.7322003173828,,296.903498840332,337.53239868164064,1.5999999999999999,-0.01222285009163671,0.01727832181734898,0.0521230237370768,False,True,True,False,True
2025-09-29,EXC,overbought,ContLong,long,44.310001373291016,45.060001373291016,44.25,45.0099983215332,63.92395062696613,44.11259994506836,,42.75949840545654,48.61079818725586,1.5999999999999999,0.039546826491272516,0.05265502854836144,0.0664297220610282,True,True,True,False,True
2025-09-29,HI,overbought,ContLong,long,26.450000762939453,27.299999237060547,26.36000061035156,27.040000915527344,61.49286140402573,23.864999885559083,,25.688000869750976,29.203200988769535,1.5999999999999999,-0.03846157101755635,-0.020340278320528798,0.16457095802224883,False,False,True,False,True
2025-09-29,SM,oversold,ContShort,short,25.43000030517578,25.600000381469727,24.600000381469727,24.96999931335449,39.54916403539676,27.048999938964844,,26.218499279022215,22.97239936828613,1.5999999999999999,-0.012414953216487428,0.09571483601804566,0.1758109535590004,False,True,True,False,True
2025-09-30,AVTR,breakouts,ContLong,long,12.510000228881836,13.755000114440918,12.4399995803833,13.670000076293944,62.25342060005372,12.75320001602173,,12.986500072479245,14.76360008239746,1.5999999999999999,0.005852225549346533,0.014630563873366136,0.1089977880616163,True,True,True,False,True
2025-09-30,BBY,breakouts,ContLong,long,75.69999694824219,77.43000030517578,75.05000305175781,77.3499984741211,61.22417666747747,72.31660034179687,,73.48249855041503,83.53799835205079,1.5999999999999999,-0.005171319117901914,0.013704010457646305,0.0519716141145873,False,True,True,False,True
2025-09-30,INSM,breakouts,ContLong,long,144.6999969482422,148.16000366210938,143.17999267578125,147.27999877929688,64.2416884711717,129.75599960327148,,139.91599884033204,159.06239868164064,1.5999999999999999,0.09865561447396858,0.11040191907661533,0.08908198822603314,True,True,True,False,True
2025-09-30,PCG,breakouts,ContLong,long,15.15999984741211,15.68000030517578,15.130000114440918,15.65999984741211,61.05412034962718,14.919599990844727,,14.876999855041504,16.912799835205078,1.5999999999999999,0.06768834458945112,0.06513412948290877,0.05874840902032191,True,True,True,False,True
2025-09-30,PLD,breakouts,ContLong,long,114.30999755859376,116.5199966430664,113.8000030517578,116.4800033569336,62.88384136526414,110.67080032348633,,110.6560031890869,125.79840362548829,1.5999999999999999,-0.004206777807711221,0.0539148231310818,0.08130145362624508,False,True,True,False,False
2025-10-01,AMD,breakouts,ContLong,long,168.67999267578125,171.05999755859375,166.1199951171875,169.72999572753906,63.087044737185224,165.9607995605469,,161.2434959411621,183.3083953857422,1.5999999999999999,0.37212045750297235,0.3819596032696762,,True,True,False,False,True
2025-10-01,AVTR,breakouts,ContLong,long,13.710000038146973,13.895000457763672,13.550000190734863,13.770000457763672,63.096405005146885,12.756600017547607,,13.081500434875487,14.871600494384767,1.5999999999999999,-0.0167030129458687,0.05809725566199968,,False,True,False,False,True
2025-10-01,BG,overbought,ContLong,long,82.44999694824219,83.69999694824219,81.63999938964844,83.0199966430664,55.286114497375074,81.55720001220703,,78.86899681091309,89.66159637451173,1.5999999999999999,-0.021079258862462927,0.14827759197478074,,False,True,False,False,True
2025-10-01,HOLX,overbought,ContLong,long,66.86000061035156,68.0,66.31999969482422,67.91000366210938,55.36156814191723,66.91300010681152,,64.5145034790039,73.34280395507812,1.5999999999999999,0.010454999943827167,0.008687914976800621,,True,True,False,False,False
2025-10-02,BG,overbought,ContLong,long,82.98999786376953,84.1500015258789,82.44000244140625,83.97000122070312,57.848027234046434,81.69800003051758,,79.77150115966796,90.68760131835938,1.5999999999999999,-0.038108902359379096,0.1611289577540342,,False,True,False,False,True
2025-10-02,PCG,breakouts,ContLong,long,15.720000267028809,15.970000267028809,15.619999885559082,15.899999618530272,63.9149669594994,14.99859998703003,,15.104999637603758,17.171999588012696,1.5999999999999999,-0.00251572093161616,0.03270443209052984,,False,True,False,False,True
2025-10-02,PEGA,overbought,ContShort,short,57.63999938964844,58.0,55.400001525878906,55.459999084472656,42.15080866592345,56.02980010986328,,58.23299903869629,51.02319915771485,1.5999999999999999,0.03137392521624987,0.037504472605369495,,True,True,False,False,True
2025-10-02,PLD,breakouts,ContLong,long,116.4000015258789,118.1999969482422,116.01000213623048,117.05999755859376,63.895711462445185,110.94000030517579,,111.20699768066407,126.42479736328127,1.5999999999999999,-0.049803471068261364,0.05996928428899961,,False,True,False,False,False
2025-10-02,RKLB,breakouts,ContLong,long,52.04999923706055,56.93899917602539,51.2599983215332,56.15999984741211,64.8119025878799,46.58889999389648,,53.3519998550415,60.65279983520508,1.5999999999999999,0.14423081037796,0.18002131095305143,,True,True,False,False,True
2025-10-02,T,oversold,ReversalLong,long,27.020000457763672,27.21999931335449,26.989999771118164,27.059999465942383,28.708058917079157,28.570200042724608,,25.706999492645263,29.224799423217775,1.5999999999999999,-0.04397629897246348,-0.026607513952861702,,False,False,False,False,False
2025-10-05,JBHT,overbought,ContLong,long,137.42999267578125,142.11000061035156,136.47999572753906,141.6699981689453,58.04637985194131,140.52539947509766,,134.58649826049805,153.00359802246095,1.5999999999999999,-0.02505825578909331,0.1681372741729886,,False,True,False,False,True
2025-10-05,WRBY,oversold,ContShort,short,26.440000534057617,26.479999542236328,25.170000076293945,25.36000061035156,37.33650607174835,26.147599983215333,,26.62800064086914,23.331200561523435,1.5999999999999999,0.1238170828637666,0.1411671860230457,,True,True,False,False,True
2025-10-06,EL,breakouts,ContLong,long,89.0,92.70999908447266,88.98999786376953,92.68000030517578,60.15094065514971,89.38979995727539,,88.04600028991699,100.09440032958985,1.5999999999999999,0.025032366068029208,0.06322831885040797,,True,True,False,False,True
2025-10-06,FRMI,oversold,ReversalLong,long,25.690000534057617,28.25,24.299999237060547,28.170000076293945,3.9480321928657247,,,26.761500072479247,30.423600082397463,1.5999999999999999,0.05040823828356769,-0.22932200831826086,,True,False,False,True,True
2025-10-06,GM,overbought,ContShort,short,58.630001068115234,58.65999984741211,56.630001068115234,57.2599983215332,41.54157766464267,57.28279998779297,,60.12299823760986,52.67919845581055,1.5999999999999999,0.0019210059182438268,-0.16346497903282164,,True,False,False,False,True
2025-10-06,RHI,oversold,ContShort,short,34.52000045776367,34.61000061035156,33.119998931884766,33.15999984741211,37.5256117703954,35.57959999084473,,34.817999839782715,30.507199859619142,1.5999999999999999,0.01658622556065754,0.0657418671654763,,True,True,False,False,True
2025-10-06,T,oversold,ReversalLong,long,25.920000076293945,26.299999237060547,25.850000381469727,26.15999984741211,26.218314389271328,28.498800048828127,,24.8519998550415,28.25279983520508,1.5999999999999999,-0.0011468152454318782,-0.004204916322369336,,False,False,False,True,False
2025-10-07,ANF,oversold,ReversalLong,long,75.5,76.25,75.08000183105469,76.1500015258789,28.168641261301886,92.40139999389649,,72.34250144958496,82.24200164794922,1.5999999999999999,-0.06618517156318826,-0.10190416258354637,,False,False,False,True,False
2025-10-07,GM,overbought,ContShort,short,57.33000183105469,57.70000076293945,56.2400016784668,56.400001525878906,37.942532623349244,57.36860000610351,,59.22000160217286,51.888001403808595,1.5999999999999999,-0.024822653782008455,-0.19343964073669107,,False,False,False,False,True
2025-10-07,HOLX,overbought,ContLong,long,67.62000274658203,68.37999725341797,67.1500015258789,68.33999633789062,56.534262884242146,67.05900001525879,,64.9229965209961,73.80719604492188,1.5999999999999999,-0.01960779060135351,0.08179696029901333,,False,True,False,False,False
2025-10-07,JBHT,overbought,ContLong,long,140.0500030517578,146.8699951171875,138.85000610351562,146.5500030517578,63.78109382819377,140.3529995727539,,139.2225028991699,158.27400329589844,1.5999999999999999,-0.052678274035767934,0.1499829086989256,,False,True,False,False,True
2025-10-07,T,oversold,ReversalLong,long,26.229999542236328,26.350000381469727,26.020000457763672,26.25,27.795461983284312,28.475600051879884,,24.9375,28.35,1.5999999999999999,-0.006857154482886905,-0.026666695731026785,,False,False,False,True,False
2025-10-08,GM,overbought,ContShort,short,56.77999877929688,56.869998931884766,55.90999984741211,55.91999816894531,36.064445727129126,57.44479995727539,,58.715998077392584,51.44639831542969,1.5999999999999999,-0.025393455474595563,,,False,False,False,False,True
2025-10-08,SM,oversold,ContShort,short,25.270000457763672,25.670000076293945,24.31999969482422,24.32999992370605,38.72204212823884,26.679999961853028,,25.546499919891353,22.383599929809566,1.5999999999999999,0.10439782228292764,,,True,False,False,True,True
2025-10-09,BBY,breakouts,ContShort,short,75.94999694824219,75.94999694824219,70.41000366210938,70.43000030517578,37.503440960038574,73.48960037231446,,73.95150032043458,64.79560028076172,1.5999999999999999,-0.1317620153214014,,,False,False,False,False,True
2025-10-09,COR,overbought,ContLong,long,316.5799865722656,319.67999267578125,314.7099914550781,318.0,64.90795984260492,296.90760009765626,,302.09999999999997,343.44,1.5999999999999999,0.021037743526434748,,,True,False,False,False,True
2025-10-09,FRMI,oversold,ReversalLong,long,27.0,30.0,26.46999931335449,29.07999992370605,9.317551110315165,,,27.62599992752075,31.40639991760254,1.5999999999999999,-0.07152682012252802,,,False,False,False,True,True
2025-10-09,ISRG,overbought,ContShort,short,444.05999755859375,446.989990234375,429.25,429.5899963378906,38.83430574005241,458.8789996337891,,451.06949615478516,395.2227966308594,1.5999999999999999,-0.03850184754281955,,,False,False,False,False,True
2025-10-09,PEGA,overbought,ContShort,short,56.290000915527344,56.83000183105469,53.47999954223633,53.720001220703125,37.37540237390598,55.61480010986328,,56.406001281738284,49.422401123046875,1.5999999999999999,0.006329116620661173,,,True,False,False,False,True
2025-10-09,PLD,breakouts,ContShort,short,114.76000213623048,115.23999786376952,111.02999877929688,111.2300033569336,40.469623998811514,111.58740020751954,,116.79150352478028,102.33160308837891,1.5999999999999999,-0.11552636956132993,,,False,False,False,False,True
2025-10-09,RBA,oversold,ReversalLong,long,104.3499984741211,105.26000213623048,103.73999786376952,104.0,27.3923124546844,113.09160018920899,,98.8,112.32000000000001,1.5999999999999999,-0.04798074869009151,,,False,False,False,False,False
2025-10-09,RTX,overbought,ContShort,short,162.00999450683594,162.4600067138672,157.44000244140625,157.6999969482422,40.62330062413348,158.93780090332032,,165.5849967956543,145.0839971923828,1.5999999999999999,-0.0015852885531890725,,,False,False,False,False,True
2025-10-12,FRMI,oversold,ReversalLong,long,28.11000061035156,32.38999938964844,27.799999237060547,30.01000022888184,11.509588171346579,,,28.509500217437747,32.41080024719239,1.5999999999999999,-0.15394871056305678,,,False,False,False,True,True
2025-10-12,HOLX,overbought,ContShort,short,67.13999938964844,67.98999786376953,65.41000366210938,65.51000213623047,42.8198971195284,67.1176000213623,,68.78550224304199,60.26920196533204,1.5999999999999999,-0.09708442074426599,,,False,False,False,False,True
2025-10-14,RTX,overbought,ContShort,short,159.49000549316406,160.66000366210938,155.63999938964844,157.0,40.267589169154554,159.0324008178711,,164.85,144.44,1.5999999999999999,-0.13363054603528066,,,False,False,False,False,True
2025-10-14,WRBY,oversold,ReversalLong,long,22.25,22.565000534057617,21.76000022888184,22.299999237060547,24.389865006271023,26.029599914550783,,21.18499927520752,24.083999176025394,1.5999999999999999,-0.020627762341273094,,,False,False,False,True,False
2025-10-15,FRMI,oversold,ReversalLong,long,28.5,31.46999931335449,28.0,29.65999984741211,14.11415829007538,,,28.1769998550415,32.03279983520508,1.5999999999999999,,,,False,False,False,True,True
2025-10-16,BBY,breakouts,ContLong,long,78.5199966430664,79.81999969482422,78.16000366210938,79.70999908447266,60.36901807836473,74.67000015258789,,75.72449913024901,86.08679901123047,1.5999999999999999,,,,False,False,False,False,True
2025-10-16,PEGA,overbought,ContShort,short,54.47999954223633,55.38999938964844,53.290000915527344,53.380001068115234,38.58152915012387,55.40440017700195,,56.049001121521,49.10960098266602,1.5999999999999999,,,,False,False,False,False,True
2025-10-16,WRBY,oversold,ReversalLong,long,21.459999084472656,22.170000076293945,21.3700008392334,21.700000762939453,23.6561661722196,25.93859996795654,,20.61500072479248,23.43600082397461,1.5999999999999999,,,,False,False,False,True,False
2025-10-19,BBY,breakouts,ContLong,long,80.0,81.16999816894531,79.9000015258789,81.01000213623047,62.92519165495329,74.91080017089844,,76.95950202941894,87.49080230712892,1.5999999999999999,,,,False,False,False,False,True
2025-10-19,RBA,oversold,ReversalLong,long,99.29000091552734,99.73999786376952,98.25,99.70999908447266,26.338871463649,112.16080001831055,,94.72449913024901,107.68679901123048,1.5999999999999999,,,,False,False,False,False,False
2025-10-19,WRBY,oversold,ReversalLong,long,22.040000915527344,22.399999618530277,21.709999084472656,21.780000686645508,24.69436606132288,25.90759998321533,,20.69100065231323,23.52240074157715,1.5999999999999999,,,,False,False,False,True,False
2025-10-20,ANF,oversold,ReversalLong,long,67.0,69.20999908447266,66.6500015258789,69.05000305175781,27.736407250967943,87.32080047607423,,65.59750289916992,74.57400329589844,1.5999999999999999,,,,False,False,False,True,False
2025-10-20,EXC,overbought,ReversalShort,short,48.25,48.38999938964844,47.56999969482422,48.0,71.55484880570847,44.790600051879885,,50.400000000000006,44.160000000000004,1.5999999999999999,,,,False,False,False,False,False
2025-10-20,ISRG,overbought,ContLong,long,459.4700012207031,466.9800109863281,456.30999755859375,462.739990234375,59.70302786916527,454.4872003173828,,439.6029907226562,499.75918945312503,1.5999999999999999,,,,False,False,False,True,True
2025-10-20,PEGA,overbought,ContLong,long,54.59999847412109,57.65999984741211,54.09000015258789,57.04999923706055,53.983189346187814,55.62180015563965,,54.19749927520752,61.613999176025395,1.5999999999999999,,,,False,False,False,True,True
2025-10-20,RBA,oversold,ReversalLong,long,99.52999877929688,100.52999877929688,99.05999755859376,99.87999725341795,27.118209818040754,111.81179992675781,,94.88599739074705,107.8703970336914,1.5999999999999999,,,,False,False,False,False,False
2025-10-21,EXAS,overbought,ReversalShort,short,63.540000915527344,64.30999755859375,62.85300064086914,62.90999984741211,75.86470271825948,53.415600051879885,,66.05549983978271,57.87719985961915,1.5999999999999999,,,,False,False,False,True,False
2025-10-21,RBA,oversold,ReversalLong,long,100.0,101.08999633789062,99.7300033569336,100.0500030517578,27.939299014978047,111.48059997558593,,95.0475028991699,108.05400329589843,1.5999999999999999,,,,False,False,False,False,False
2025-10-21,WRBY,oversold,ReversalLong,long,21.63999938964844,21.96999931335449,21.51000022888184,21.84000015258789,26.059321466579462,25.826399993896484,,20.748000144958496,23.587200164794922,1.5999999999999999,,,,False,False,False,True,False
